cma_key,year,unemp_rate
abbotsford mission,2016,6.6
abbotsford mission,2017,5.6
abbotsford mission,2018,4.5
abbotsford mission,2019,5.199999809265137
abbotsford mission,2020,7.800000190734863
abbotsford mission,2021,6.699999809265137
abbotsford mission,2022,4.8
abbotsford mission,2023,5.300000190734863
barrie,2016,7.3
barrie,2017,5.4
barrie,2018,7
barrie,2019,6.099999904632568
barrie,2020,9.100000381469727
barrie,2021,8.100000381469727
barrie,2022,5.5
barrie,2023,4.800000190734863
belleville quinte west,2016,9.300000000000001
belleville quinte west,2017,9.9
belleville quinte west,2018,4.099999904632568
belleville quinte west,2019,8.199999809265137
belleville quinte west,2020,10.30000019073486
belleville quinte west,2021,8.5
belleville quinte west,2022,3.7
belleville quinte west,2023,6.5
brantford,2016,6.5
brantford,2017,5.1
brantford,2018,6.199999809265137
brantford,2019,4.300000190734863
brantford,2020,8.800000190734863
brantford,2021,7.099999904632568
brantford,2022,5.1
brantford,2023,4.599999904632568
calgary,2016,9.5
calgary,2017,8.800000000000001
calgary,2018,7.699999809265137
calgary,2019,7.099999904632568
calgary,2020,11.89999961853027
calgary,2021,9
calgary,2022,6.2
calgary,2023,6.099999904632568
chilliwack,2016,5.9
chilliwack,2017,
chilliwack,2018,3.900000095367432
chilliwack,2019,5.900000095367432
chilliwack,2020,7.300000190734863
chilliwack,2021,5.400000095367432
chilliwack,2022,4
chilliwack,2023,4.5
drummondville,2016,6.5
drummondville,2017,6.9
drummondville,2018,5.199999809265137
drummondville,2019,4.800000190734863
drummondville,2020,7.800000190734863
drummondville,2021,6
drummondville,2022,
drummondville,2023,3
edmonton,2016,7.5
edmonton,2017,8.300000000000001
edmonton,2018,6.400000095367432
edmonton,2019,7.300000190734863
edmonton,2020,11.89999961853027
edmonton,2021,8.800000190734863
edmonton,2022,5.9
edmonton,2023,6.099999904632568
fredericton,2016,7.3
fredericton,2017,6.3
fredericton,2018,6.699999809265137
fredericton,2019,5.800000190734863
fredericton,2020,8
fredericton,2021,6.300000190734863
fredericton,2022,5.6
fredericton,2023,4.599999904632568
greater sudbury,2016,8.300000000000001
greater sudbury,2017,6.7
greater sudbury,2018,6.400000095367432
greater sudbury,2019,5.599999904632568
greater sudbury,2020,8
greater sudbury,2021,7.5
greater sudbury,2022,4.1
greater sudbury,2023,4.900000095367432
guelph,2016,5
guelph,2017,5.5
guelph,2018,3.900000095367432
guelph,2019,4.5
guelph,2020,9.5
guelph,2021,7
guelph,2022,4.2
guelph,2023,4.5
halifax,2016,6
halifax,2017,6.8
halifax,2018,6.099999904632568
halifax,2019,5.800000190734863
halifax,2020,8.800000190734863
halifax,2021,7.5
halifax,2022,4.9
halifax,2023,5.400000095367432
hamilton,2016,6.1
hamilton,2017,5.1
hamilton,2018,5
hamilton,2019,4.300000190734863
hamilton,2020,9
hamilton,2021,6.900000095367432
hamilton,2022,4.9
hamilton,2023,5.400000095367432
kamloops,2016,7.4
kamloops,2017,8.9
kamloops,2018,7.300000190734863
kamloops,2019,5.599999904632568
kamloops,2020,11.69999980926514
kamloops,2021,5.800000190734863
kamloops,2022,4.8
kamloops,2023,4.699999809265137
kelowna,2016,7.9
kelowna,2017,5.7
kelowna,2018,4.599999904632568
kelowna,2019,4.199999809265137
kelowna,2020,7.199999809265137
kelowna,2021,5.599999904632568
kelowna,2022,4.7
kelowna,2023,3.5
kingston,2016,5.9
kingston,2017,5.5
kingston,2018,5.800000190734863
kingston,2019,5.5
kingston,2020,8.600000381469727
kingston,2021,7.5
kingston,2022,5.5
kingston,2023,4.699999809265137
kitchener cambridge waterloo,2016,5.6
kitchener cambridge waterloo,2017,4.9
kitchener cambridge waterloo,2018,5
kitchener cambridge waterloo,2019,5.400000095367432
kitchener cambridge waterloo,2020,9.899999618530273
kitchener cambridge waterloo,2021,6.300000190734863
kitchener cambridge waterloo,2022,5.7
kitchener cambridge waterloo,2023,6
london,2016,7.1
london,2017,6.3
london,2018,5.699999809265137
london,2019,5.699999809265137
london,2020,8.699999809265137
london,2021,7.900000095367432
london,2022,5.7
london,2023,5.199999809265137
moncton,2016,7.2
moncton,2017,6.4
moncton,2018,5.800000190734863
moncton,2019,5.599999904632568
moncton,2020,8.5
moncton,2021,7.5
moncton,2022,4.7
moncton,2023,5.5
montreal,2016,7.8
montreal,2017,6.6
montreal,2018,6.099999904632568
montreal,2019,5.599999904632568
montreal,2020,10.10000038146973
montreal,2021,6.900000095367432
montreal,2022,4.9
montreal,2023,5.199999809265137
nanaimo,2016,6.4
nanaimo,2017,6.2
nanaimo,2018,5.400000095367432
nanaimo,2019,5.300000190734863
nanaimo,2020,9.600000381469727
nanaimo,2021,6.300000190734863
nanaimo,2022,4.1
nanaimo,2023,4.800000190734863
ottawa gatineau,2016,6.5
ottawa gatineau,2017,5.7
ottawa gatineau,2018,4.599999904632568
ottawa gatineau,2019,4.900000095367432
ottawa gatineau,2020,7.599999904632568
ottawa gatineau,2021,5.800000190734863
ottawa gatineau,2022,4.1
ottawa gatineau,2023,4.400000095367432
peterborough,2016,4.7
peterborough,2017,6.6
peterborough,2018,5.5
peterborough,2019,5.900000095367432
peterborough,2020,10.19999980926514
peterborough,2021,7.800000190734863
peterborough,2022,4.5
peterborough,2023,4.599999904632568
quebec,2016,4.8
quebec,2017,4.2
quebec,2018,3.700000047683716
quebec,2019,3.099999904632568
quebec,2020,6.800000190734863
quebec,2021,4.099999904632568
quebec,2022,2.9
quebec,2023,2.700000047683716
regina,2016,5.4
regina,2017,5.2
regina,2018,6.099999904632568
regina,2019,5.400000095367432
regina,2020,8.399999618530273
regina,2021,6.800000190734863
regina,2022,4.9
regina,2023,4.900000095367432
saint john,2016,7.8
saint john,2017,5.9
saint john,2018,6.199999809265137
saint john,2019,6.800000190734863
saint john,2020,10.30000019073486
saint john,2021,9.399999618530273
saint john,2022,6.9
saint john,2023,5.300000190734863
saskatoon,2016,7
saskatoon,2017,8
saskatoon,2018,6.699999809265137
saskatoon,2019,5.900000095367432
saskatoon,2020,9.600000381469727
saskatoon,2021,7.099999904632568
saskatoon,2022,4.2
saskatoon,2023,5.099999904632568
sherbrooke,2016,6.3
sherbrooke,2017,5.9
sherbrooke,2018,4.900000095367432
sherbrooke,2019,4.199999809265137
sherbrooke,2020,7.599999904632568
sherbrooke,2021,4.699999809265137
sherbrooke,2022,3.2
sherbrooke,2023,4.300000190734863
st catharines niagara,2016,7.1
st catharines niagara,2017,6.7
st catharines niagara,2018,6.800000190734863
st catharines niagara,2019,5.699999809265137
st catharines niagara,2020,10.60000038146973
st catharines niagara,2021,10.39999961853027
st catharines niagara,2022,5.2
st catharines niagara,2023,5.800000190734863
st john s,2016,7.9
st john s,2017,8.5
st john s,2018,8.399999618530273
st john s,2019,7.400000095367432
st john s,2020,10.39999961853027
st john s,2021,8.300000190734863
st john s,2022,6.7
st john s,2023,6
toronto,2016,7
toronto,2017,6.6
toronto,2018,6
toronto,2019,5.900000095367432
toronto,2020,11
toronto,2021,9.199999809265137
toronto,2022,6.3
toronto,2023,6.300000190734863
trois rivieres,2016,7.2
trois rivieres,2017,5.8
trois rivieres,2018,5.099999904632568
trois rivieres,2019,5.5
trois rivieres,2020,8
trois rivieres,2021,5
trois rivieres,2022,3.4
trois rivieres,2023,4.199999809265137
vancouver,2016,5.5
vancouver,2017,4.7
vancouver,2018,4.099999904632568
vancouver,2019,4.599999904632568
vancouver,2020,9.5
vancouver,2021,6.900000095367432
vancouver,2022,4.7
vancouver,2023,5.599999904632568
victoria,2016,5.2
victoria,2017,3.9
victoria,2018,4.099999904632568
victoria,2019,3.599999904632568
victoria,2020,7.800000190734863
victoria,2021,4.900000095367432
victoria,2022,3.8
victoria,2023,3.700000047683716
windsor,2016,5.6
windsor,2017,6
windsor,2018,6
windsor,2019,6.199999809265137
windsor,2020,12
windsor,2021,9.199999809265137
windsor,2022,7.3
windsor,2023,6.199999809265137
winnipeg,2016,6.5
winnipeg,2017,5.7
winnipeg,2018,6.300000190734863
winnipeg,2019,5.300000190734863
winnipeg,2020,9
winnipeg,2021,6.800000190734863
winnipeg,2022,4.6
winnipeg,2023,4.900000095367432
